-- Insert Hotels
-- Insert Hotels (expanded to 60)
INSERT INTO hotel (hotel_name, location, Contact)
VALUES
('Serenity Grand Hotel', 'Kampala, Uganda', '+256701234567'),
('Lakeview Resort', 'Entebbe, Uganda', '+256772345678'),
('Mountain Peak Lodge', 'Kabale, Uganda', '+256783456789'),
('Savannah Suites', 'Mbarara, Uganda', '+256794567890'),
('Sunrise Inn', 'Jinja, Uganda', '+256705678901'),
('Riverside Hotel', 'Kampala, Uganda', '+256701234568'),
('Hilltop Retreat', 'Fort Portal, Uganda', '+256701234569'),
('Golden Sands Hotel', 'Entebbe, Uganda', '+256701234570'),
('Crystal Lake Lodge', 'Masaka, Uganda', '+256701234571'),
('Paradise View Inn', 'Mbale, Uganda', '+256701234572'),
('Emerald Bay Hotel', 'Gulu, Uganda', '+256701234573'),
('Silver Springs Resort', 'Lira, Uganda', '+256701234574'),
('Sunset Boulevard Hotel', 'Soroti, Uganda', '+256701234575'),
('Crescent Moon Inn', 'Hoima, Uganda', '+256701234576'),
('Maple Leaf Lodge', 'Kampala, Uganda', '+256701234577'),
('Blue Horizon Hotel', 'Entebbe, Uganda', '+256701234578'),
('Royal Garden Inn', 'Jinja, Uganda', '+256701234579'),
('Palm Grove Hotel', 'Mbarara, Uganda', '+256701234580'),
('Majestic View Lodge', 'Kabale, Uganda', '+256701234581'),
('Ocean Breeze Hotel', 'Fort Portal, Uganda', '+256701234582'),
('Lakefront Inn', 'Masaka, Uganda', '+256701234583'),
('Sunflower Suites', 'Mbale, Uganda', '+256701234584'),
('Golden Horizon Hotel', 'Gulu, Uganda', '+256701234585'),
('Emerald Valley Resort', 'Lira, Uganda', '+256701234586'),
('Crystal Palace Hotel', 'Soroti, Uganda', '+256701234587'),
('Silver Lake Lodge', 'Hoima, Uganda', '+256701234588'),
('Grandview Inn', 'Kampala, Uganda', '+256701234589'),
('Skyline Hotel', 'Entebbe, Uganda', '+256701234590'),
('Royal Sunset Lodge', 'Jinja, Uganda', '+256701234591'),
('Palm Paradise Hotel', 'Mbarara, Uganda', '+256701234592'),
('Hillcrest Resort', 'Kabale, Uganda', '+256701234593'),
('Ocean View Inn', 'Fort Portal, Uganda', '+256701234594'),
('Golden Palm Hotel', 'Masaka, Uganda', '+256701234595'),
('Sunrise Bay Lodge', 'Mbale, Uganda', '+256701234596'),
('Emerald Heights Hotel', 'Gulu, Uganda', '+256701234597'),
('Silver Horizon Inn', 'Lira, Uganda', '+256701234598'),
('Crystal Cove Resort', 'Soroti, Uganda', '+256701234599'),
('Grand Palace Hotel', 'Hoima, Uganda', '+256701234600'),
('Maple Grove Inn', 'Kampala, Uganda', '+256701234601'),
('Blue Lagoon Hotel', 'Entebbe, Uganda', '+256701234602'),
('Royal Palm Resort', 'Jinja, Uganda', '+256701234603'),
('Sunset Ridge Lodge', 'Mbarara, Uganda', '+256701234604'),
('Majestic Bay Hotel', 'Kabale, Uganda', '+256701234605'),
('Ocean Pearl Inn', 'Fort Portal, Uganda', '+256701234606'),
('Lakeview Heights Hotel', 'Masaka, Uganda', '+256701234607'),
('Sunflower Bay Lodge', 'Mbale, Uganda', '+256701234608'),
('Golden Leaf Resort', 'Gulu, Uganda', '+256701234609'),
('Emerald Coast Hotel', 'Lira, Uganda', '+256701234610'),
('Crystal Springs Inn', 'Soroti, Uganda', '+256701234611'),
('Silver Sands Lodge', 'Hoima, Uganda', '+256701234612'),
('Grand Horizon Hotel', 'Kampala, Uganda', '+256701234613'),
('Skyview Resort', 'Entebbe, Uganda', '+256701234614'),
('Royal Bay Hotel', 'Jinja, Uganda', '+256701234615'),
('Palm Ridge Inn', 'Mbarara, Uganda', '+256701234616'),
('Hilltop Bay Lodge', 'Kabale, Uganda', '+256701234617'),
('Ocean Crest Hotel', 'Fort Portal, Uganda', '+256701234618'),
('Golden Horizon Inn', 'Masaka, Uganda', '+256701234619'),
('Sunrise Ridge Hotel', 'Mbale, Uganda', '+256701234620'),
('Emerald Bay Inn', 'Gulu, Uganda', '+256701234621'),
('Silver Palm Lodge', 'Lira, Uganda', '+256701234622'),
('Crystal Horizon Hotel', 'Soroti, Uganda', '+256701234623'),
('Grand Palm Inn', 'Hoima, Uganda', '+256701234624');

-- Insert Staff
INSERT INTO staff (hotel_id, first_name, last_name, contact, staff_role)
VALUES
(1, 'John', 'Mukasa', '+256701100001', 'Manager'),
(1, 'Grace', 'Namatovu', '+256701100002', 'Receptionist'),
(2, 'Peter', 'Okello', '+256701100003', 'Chef'),
(2, 'Sarah', 'Nabirye', '+256701100004', 'Housekeeper'),
(3, 'Michael', 'Turyasingura', '+256701100005', 'Waiter'),
(3, 'Agnes', 'Kansiime', '+256701100006', 'Accountant'),
(4, 'Robert', 'Ouma', '+256701100007', 'Security Guard'),
(4, 'Diana', 'Nakato', '+256701100008', 'Receptionist'),
(5, 'Samuel', 'Byaruhanga', '+256701100009', 'Chef'),
(5, 'Mary', 'Kembabazi', '+256701100010', 'Cleaner'),
(6, 'James', 'Ssembatya', '+256701100011', 'Manager'),
(6, 'Alice', 'Namubiru', '+256701100012', 'Receptionist'),
(7, 'Daniel', 'Lukwago', '+256701100013', 'Chef'),
(7, 'Rebecca', 'Nabukenya', '+256701100014', 'Housekeeper'),
(8, 'Brian', 'Kato', '+256701100015', 'Waiter'),
(8, 'Esther', 'Namanya', '+256701100016', 'Accountant'),
(9, 'Patrick', 'Muwanga', '+256701100017', 'Security Guard'),
(9, 'Joy', 'Namara', '+256701100018', 'Receptionist'),
(10, 'Emmanuel', 'Kyeyune', '+256701100019', 'Chef'),
(10, 'Catherine', 'Namuyimba', '+256701100020', 'Cleaner'),
(11, 'Samuel', 'Byabashaija', '+256701100021', 'Manager'),
(11, 'Priscilla', 'Namirembe', '+256701100022', 'Receptionist'),
(12, 'John', 'Kisakye', '+256701100023', 'Chef'),
(12, 'Linda', 'Nakalema', '+256701100024', 'Housekeeper'),
(13, 'George', 'Ssekitoleko', '+256701100025', 'Waiter'),
(13, 'Sarah', 'Namaganda', '+256701100026', 'Accountant'),
(14, 'Robert', 'Kakembo', '+256701100027', 'Security Guard'),
(14, 'Diana', 'Nabwire', '+256701100028', 'Receptionist'),
(15, 'Peter', 'Nsubuga', '+256701100029', 'Chef'),
(15, 'Grace', 'Namugera', '+256701100030', 'Cleaner'),
(16, 'Michael', 'Nabawanuka', '+256701100031', 'Manager'),
(16, 'Alice', 'Namate', '+256701100032', 'Receptionist'),
(17, 'Brian', 'Ssebuufu', '+256701100033', 'Chef'),
(17, 'Esther', 'Nankya', '+256701100034', 'Housekeeper'),
(18, 'Daniel', 'Mukwaya', '+256701100035', 'Waiter'),
(18, 'Joy', 'Namuyimbwa', '+256701100036', 'Accountant'),
(19, 'Patrick', 'Kasaija', '+256701100037', 'Security Guard'),
(19, 'Catherine', 'Namuddu', '+256701100038', 'Receptionist'),
(20, 'Emmanuel', 'Mugisha', '+256701100039', 'Chef'),
(20, 'Priscilla', 'Nabasumba', '+256701100040', 'Cleaner'),
(21, 'John', 'Tumwesigye', '+256701100041', 'Manager'),
(21, 'Rebecca', 'Nabirye', '+256701100042', 'Receptionist'),
(22, 'George', 'Kayiwa', '+256701100043', 'Chef'),
(22, 'Linda', 'Nantongo', '+256701100044', 'Housekeeper'),
(23, 'Brian', 'Ssekandi', '+256701100045', 'Waiter'),
(23, 'Sarah', 'Namulondo', '+256701100046', 'Accountant'),
(24, 'Robert', 'Kibuuka', '+256701100047', 'Security Guard'),
(24, 'Diana', 'Nakimera', '+256701100048', 'Receptionist'),
(25, 'Peter', 'Nabazalila', '+256701100049', 'Chef'),
(25, 'Grace', 'Namuddu', '+256701100050', 'Cleaner'),
(26, 'Michael', 'Ssali', '+256701100051', 'Manager'),
(26, 'Alice', 'Namaganda', '+256701100052', 'Receptionist'),
(27, 'Daniel', 'Mukasa', '+256701100053', 'Chef'),
(27, 'Joy', 'Nakanwagi', '+256701100054', 'Housekeeper'),
(28, 'Patrick', 'Kigozi', '+256701100055', 'Waiter'),
(28, 'Esther', 'Nabwire', '+256701100056', 'Accountant'),
(29, 'Emmanuel', 'Kakooza', '+256701100057', 'Security Guard'),
(29, 'Catherine', 'Namukasa', '+256701100058', 'Receptionist'),
(30, 'Samuel', 'Byamugisha', '+256701100059', 'Chef'),
(30, 'Mary', 'Namirembe', '+256701100060', 'Cleaner');


-- Insert Guests
INSERT INTO guest (first_name, last_name, contact, gender)
VALUES
('James', 'Okello', '+256701234001', 'Male'),
('Maria', 'Namakula', '+256701234002', 'Female'),
('David', 'Ssenyonga', '+256701234003', 'Male'),
('Patricia', 'Kembabazi', '+256701234004', 'Female'),
('Robert', 'Kato', '+256701234005', 'Male'),
('Agnes', 'Nanyonga', '+256701234006', 'Female'),
('John', 'Mugisha', '+256701234007', 'Male'),
('Grace', 'Nakibuuka', '+256701234008', 'Female'),
('Michael', 'Owor', '+256701234009', 'Male'),
('Sarah', 'Nabirye', '+256701234010', 'Female'),
('Peter', 'Nsubuga', '+256701234011', 'Male'),
('Linda', 'Nakalema', '+256701234012', 'Female'),
('Daniel', 'Ssekitoleko', '+256701234013', 'Male'),
('Joy', 'Namara', '+256701234014', 'Female'),
('George', 'Kayiwa', '+256701234015', 'Male'),
('Rebecca', 'Nabukenya', '+256701234016', 'Female'),
('Brian', 'Kato', '+256701234017', 'Male'),
('Catherine', 'Namuyimba', '+256701234018', 'Female'),
('Samuel', 'Byaruhanga', '+256701234019', 'Male'),
('Priscilla', 'Namirembe', '+256701234020', 'Female'),
('Michael', 'Tumwesigye', '+256701234021', 'Male'),
('Alice', 'Namate', '+256701234022', 'Female'),
('Patrick', 'Kasaija', '+256701234023', 'Male'),
('Diana', 'Nakato', '+256701234024', 'Female'),
('Emmanuel', 'Kyeyune', '+256701234025', 'Male'),
('Esther', 'Nankya', '+256701234026', 'Female'),
('John', 'Mukasa', '+256701234027', 'Male'),
('Mary', 'Kembabazi', '+256701234028', 'Female'),
('Robert', 'Ouma', '+256701234029', 'Male'),
('Sarah', 'Namanya', '+256701234030', 'Female'),
('Peter', 'Nabazalila', '+256701234031', 'Male'),
('Grace', 'Namugera', '+256701234032', 'Female'),
('Brian', 'Ssebuufu', '+256701234033', 'Male'),
('Joy', 'Nabwire', '+256701234034', 'Female'),
('Daniel', 'Mukasa', '+256701234035', 'Male'),
('Alice', 'Nabukenya', '+256701234036', 'Female'),
('Samuel', 'Byamugisha', '+256701234037', 'Male'),
('Catherine', 'Namukasa', '+256701234038', 'Female'),
('Michael', 'Ssali', '+256701234039', 'Male'),
('Priscilla', 'Nabasumba', '+256701234040', 'Female'),
('George', 'Kakooza', '+256701234041', 'Male'),
('Linda', 'Nantongo', '+256701234042', 'Female'),
('Patrick', 'Kigozi', '+256701234043', 'Male'),
('Diana', 'Nakimera', '+256701234044', 'Female'),
('Emmanuel', 'Mugisha', '+256701234045', 'Male'),
('Rebecca', 'Nabirye', '+256701234046', 'Female'),
('John', 'Tumwesigye', '+256701234047', 'Male'),
('Sarah', 'Namulondo', '+256701234048', 'Female'),
('Brian', 'Ssekandi', '+256701234049', 'Male'),
('Joy', 'Nakanwagi', '+256701234050', 'Female'),
('Peter', 'Nsubira', '+256701234051', 'Male'),
('Grace', 'Namuddu', '+256701234052', 'Female'),
('Daniel', 'Mukwaya', '+256701234053', 'Male'),
('Alice', 'Namugera', '+256701234054', 'Female'),
('Samuel', 'Byabashaija', '+256701234055', 'Male'),
('Priscilla', 'Namirembe', '+256701234056', 'Female'),
('Michael', 'Nabawanuka', '+256701234057', 'Male'),
('Mary', 'Namuyimbwa', '+256701234058', 'Female'),
('Robert', 'Kakembo', '+256701234059', 'Male'),
('Sarah', 'Nabwire', '+256701234060', 'Female');


-- Insert Rooms
INSERT INTO room (hotel_id, room_type, room_status)
VALUES
(1, 'Single', 'Available'),
(1, 'Double', 'Occupied'),
(1, 'Executive', 'Booked'),
(1, 'Ordinary', 'Maintenance'),
(2, 'Single', 'Occupied'),
(2, 'Double', 'Available'),
(2, 'Executive', 'Booked'),
(2, 'Ordinary', 'Maintenance'),
(3, 'Single', 'Available'),
(3, 'Double', 'Booked'),
(3, 'Executive', 'Occupied'),
(3, 'Ordinary', 'Available'),
(4, 'Single', 'Booked'),
(4, 'Double', 'Occupied'),
(4, 'Executive', 'Available'),
(4, 'Ordinary', 'Maintenance'),
(5, 'Single', 'Available'),
(5, 'Double', 'Available'),
(5, 'Executive', 'Maintenance'),
(5, 'Ordinary', 'Booked'),
(6, 'Single', 'Occupied'),
(6, 'Double', 'Available'),
(6, 'Executive', 'Booked'),
(6, 'Ordinary', 'Maintenance'),
(7, 'Single', 'Available'),
(7, 'Double', 'Booked'),
(7, 'Executive', 'Occupied'),
(7, 'Ordinary', 'Available'),
(8, 'Single', 'Booked'),
(8, 'Double', 'Occupied'),
(8, 'Executive', 'Available'),
(8, 'Ordinary', 'Maintenance'),
(9, 'Single', 'Available'),
(9, 'Double', 'Available'),
(9, 'Executive', 'Maintenance'),
(9, 'Ordinary', 'Booked'),
(10, 'Single', 'Occupied'),
(10, 'Double', 'Available'),
(10, 'Executive', 'Booked'),
(10, 'Ordinary', 'Maintenance'),
(11, 'Single', 'Available'),
(11, 'Double', 'Booked'),
(11, 'Executive', 'Occupied'),
(11, 'Ordinary', 'Available'),
(12, 'Single', 'Booked'),
(12, 'Double', 'Occupied'),
(12, 'Executive', 'Available'),
(12, 'Ordinary', 'Maintenance'),
(13, 'Single', 'Available'),
(13, 'Double', 'Available'),
(13, 'Executive', 'Maintenance'),
(13, 'Ordinary', 'Booked'),
(14, 'Single', 'Occupied'),
(14, 'Double', 'Available'),
(14, 'Executive', 'Booked'),
(14, 'Ordinary', 'Maintenance'),
(15, 'Single', 'Available'),
(15, 'Double', 'Booked'),
(15, 'Executive', 'Occupied'),
(15, 'Ordinary', 'Available');


-- Insert Bookings
INSERT INTO booking (guest_id, room_id, check_in_date, check_out_date, booking_status)
VALUES
(1, 3, '2025-10-01', '2025-10-05', 'Confirmed'),
(2, 5, '2025-10-02', '2025-10-06', 'Pending'),
(3, 9, '2025-10-03', '2025-10-07', 'Confirmed'),
(4, 12, '2025-10-04', '2025-10-08', 'Cancelled'),
(5, 2, '2025-10-05', '2025-10-10', 'Confirmed'),
(6, 7, '2025-10-06', '2025-10-09', 'Pending'),
(7, 10, '2025-10-07', '2025-10-12', 'Confirmed'),
(8, 1, '2025-10-08', '2025-10-11', 'Confirmed'),
(9, 15, '2025-10-09', '2025-10-14', 'Pending'),
(10, 4, '2025-10-10', '2025-10-15', 'Confirmed'),
(11, 6, '2025-10-11', '2025-10-16', 'Cancelled'),
(12, 8, '2025-10-12', '2025-10-17', 'Confirmed'),
(13, 11, '2025-10-13', '2025-10-18', 'Pending'),
(14, 13, '2025-10-14', '2025-10-19', 'Confirmed'),
(15, 14, '2025-10-15', '2025-10-20', 'Cancelled'),
(16, 16, '2025-10-16', '2025-10-21', 'Confirmed'),
(17, 17, '2025-10-17', '2025-10-22', 'Pending'),
(18, 18, '2025-10-18', '2025-10-23', 'Confirmed'),
(19, 19, '2025-10-19', '2025-10-24', 'Cancelled'),
(20, 20, '2025-10-20', '2025-10-25', 'Confirmed'),
(21, 21, '2025-10-21', '2025-10-26', 'Pending'),
(22, 22, '2025-10-22', '2025-10-27', 'Confirmed'),
(23, 23, '2025-10-23', '2025-10-28', 'Cancelled'),
(24, 24, '2025-10-24', '2025-10-29', 'Confirmed'),
(25, 25, '2025-10-25', '2025-10-30', 'Pending'),
(26, 26, '2025-10-26', '2025-10-31', 'Confirmed'),
(27, 27, '2025-10-27', '2025-11-01', 'Cancelled'),
(28, 28, '2025-10-28', '2025-11-02', 'Confirmed'),
(29, 29, '2025-10-29', '2025-11-03', 'Pending'),
(30, 30, '2025-10-30', '2025-11-04', 'Confirmed'),
(31, 31, '2025-10-31', '2025-11-05', 'Cancelled'),
(32, 32, '2025-11-01', '2025-11-06', 'Confirmed'),
(33, 33, '2025-11-02', '2025-11-07', 'Pending'),
(34, 34, '2025-11-03', '2025-11-08', 'Confirmed'),
(35, 35, '2025-11-04', '2025-11-09', 'Cancelled'),
(36, 36, '2025-11-05', '2025-11-10', 'Confirmed'),
(37, 37, '2025-11-06', '2025-11-11', 'Pending'),
(38, 38, '2025-11-07', '2025-11-12', 'Confirmed'),
(39, 39, '2025-11-08', '2025-11-13', 'Cancelled'),
(40, 40, '2025-11-09', '2025-11-14', 'Confirmed'),
(41, 41, '2025-11-10', '2025-11-15', 'Pending'),
(42, 42, '2025-11-11', '2025-11-16', 'Confirmed'),
(43, 43, '2025-11-12', '2025-11-17', 'Cancelled'),
(44, 44, '2025-11-13', '2025-11-18', 'Confirmed'),
(45, 45, '2025-11-14', '2025-11-19', 'Pending'),
(46, 46, '2025-11-15', '2025-11-20', 'Confirmed'),
(47, 47, '2025-11-16', '2025-11-21', 'Cancelled'),
(48, 48, '2025-11-17', '2025-11-22', 'Confirmed'),
(49, 49, '2025-11-18', '2025-11-23', 'Pending'),
(50, 50, '2025-11-19', '2025-11-24', 'Confirmed'),
(51, 51, '2025-11-20', '2025-11-25', 'Cancelled'),
(52, 52, '2025-11-21', '2025-11-26', 'Confirmed'),
(53, 53, '2025-11-22', '2025-11-27', 'Pending'),
(54, 54, '2025-11-23', '2025-11-28', 'Confirmed'),
(55, 55, '2025-11-24', '2025-11-29', 'Cancelled'),
(56, 56, '2025-11-25', '2025-11-30', 'Confirmed'),
(57, 57, '2025-11-26', '2025-12-01', 'Pending'),
(58, 58, '2025-11-27', '2025-12-02', 'Confirmed'),
(59, 59, '2025-11-28', '2025-12-03', 'Cancelled'),
(60, 60, '2025-11-29', '2025-12-04', 'Confirmed');


-- Insert Payments
INSERT INTO payment (booking_id, payment_date, amount)
VALUES
(1, '2025-10-01', 200000.00),
(2, '2025-10-02', 150000.00),
(3, '2025-10-03', 250000.00),
(4, '2025-10-04', 180000.00),
(5, '2025-10-05', 220000.00),
(6, '2025-10-06', 160000.00),
(7, '2025-10-07', 300000.00),
(8, '2025-10-08', 210000.00),
(9, '2025-10-09', 280000.00),
(10, '2025-10-10', 230000.00),
(11, '2025-10-11', 190000.00),
(12, '2025-10-12', 260000.00),
(13, '2025-10-13', 170000.00),
(14, '2025-10-14', 240000.00),
(15, '2025-10-15', 200000.00),
(16, '2025-10-16', 250000.00),
(17, '2025-10-17', 180000.00),
(18, '2025-10-18', 220000.00),
(19, '2025-10-19', 210000.00),
(20, '2025-10-20', 230000.00),
(21, '2025-10-21', 240000.00),
(22, '2025-10-22', 260000.00),
(23, '2025-10-23', 190000.00),
(24, '2025-10-24', 200000.00),
(25, '2025-10-25', 250000.00),
(26, '2025-10-26', 180000.00),
(27, '2025-10-27', 230000.00),
(28, '2025-10-28', 210000.00),
(29, '2025-10-29', 220000.00),
(30, '2025-10-30', 240000.00),
(31, '2025-10-31', 200000.00),
(32, '2025-11-01', 250000.00),
(33, '2025-11-02', 180000.00),
(34, '2025-11-03', 230000.00),
(35, '2025-11-04', 210000.00),
(36, '2025-11-05', 220000.00),
(37, '2025-11-06', 240000.00),
(38, '2025-11-07', 200000.00),
(39, '2025-11-08', 250000.00),
(40, '2025-11-09', 180000.00),
(41, '2025-11-10', 230000.00),
(42, '2025-11-11', 210000.00),
(43, '2025-11-12', 220000.00),
(44, '2025-11-13', 240000.00),
(45, '2025-11-14', 200000.00),
(46, '2025-11-15', 250000.00),
(47, '2025-11-16', 180000.00),
(48, '2025-11-17', 230000.00),
(49, '2025-11-18', 210000.00),
(50, '2025-11-19', 220000.00),
(51, '2025-11-20', 240000.00),
(52, '2025-11-21', 200000.00),
(53, '2025-11-22', 250000.00),
(54, '2025-11-23', 180000.00),
(55, '2025-11-24', 230000.00),
(56, '2025-11-25', 210000.00),
(57, '2025-11-26', 220000.00),
(58, '2025-11-27', 240000.00),
(59, '2025-11-28', 200000.00),
(60, '2025-11-29', 250000.00);


-- Insert Invoices
INSERT INTO invoice (booking_id, guest_id, reservation_id, amount, room_status)
VALUES
(1, 1, 101, 200000.00, 'Booked'),
(2, 2, 102, 150000.00, 'Occupied'),
(3, 3, 103, 250000.00, 'Booked'),
(4, 4, 104, 180000.00, 'Cancelled'),
(5, 5, 105, 220000.00, 'Booked'),
(6, 6, 106, 160000.00, 'Occupied'),
(7, 7, 107, 300000.00, 'Booked'),
(8, 8, 108, 210000.00, 'Booked'),
(9, 9, 109, 280000.00, 'Occupied'),
(10, 10, 110, 230000.00, 'Booked'),
(11, 11, 111, 190000.00, 'Occupied'),
(12, 12, 112, 260000.00, 'Booked'),
(13, 13, 113, 170000.00, 'Available'),
(14, 14, 114, 240000.00, 'Booked'),
(15, 15, 115, 200000.00, 'Occupied'),
(16, 16, 116, 250000.00, 'Booked'),
(17, 17, 117, 180000.00, 'Available'),
(18, 18, 118, 220000.00, 'Booked'),
(19, 19, 119, 210000.00, 'Occupied'),
(20, 20, 120, 230000.00, 'Booked'),
(21, 21, 121, 240000.00, 'Booked'),
(22, 22, 122, 260000.00, 'Occupied'),
(23, 23, 123, 190000.00, 'Booked'),
(24, 24, 124, 200000.00, 'Available'),
(25, 25, 125, 250000.00, 'Booked'),
(26, 26, 126, 180000.00, 'Occupied'),
(27, 27, 127, 230000.00, 'Booked'),
(28, 28, 128, 210000.00, 'Booked'),
(29, 29, 129, 220000.00, 'Occupied'),
(30, 30, 130, 240000.00, 'Booked'),
(31, 31, 131, 200000.00, 'Booked'),
(32, 32, 132, 250000.00, 'Occupied'),
(33, 33, 133, 180000.00, 'Booked'),
(34, 34, 134, 230000.00, 'Available'),
(35, 35, 135, 210000.00, 'Booked'),
(36, 36, 136, 220000.00, 'Occupied'),
(37, 37, 137, 240000.00, 'Booked'),
(38, 38, 138, 200000.00, 'Booked'),
(39, 39, 139, 250000.00, 'Occupied'),
(40, 40, 140, 180000.00, 'Booked'),
(41, 41, 141, 230000.00, 'Available'),
(42, 42, 142, 210000.00, 'Booked'),
(43, 43, 143, 220000.00, 'Occupied'),
(44, 44, 144, 240000.00, 'Booked'),
(45, 45, 145, 200000.00, 'Booked'),
(46, 46, 146, 250000.00, 'Occupied'),
(47, 47, 147, 180000.00, 'Booked'),
(48, 48, 148, 230000.00, 'Available'),
(49, 49, 149, 210000.00, 'Booked'),
(50, 50, 150, 220000.00, 'Occupied'),
(51, 51, 151, 240000.00, 'Booked'),
(52, 52, 152, 200000.00, 'Booked'),
(53, 53, 153, 250000.00, 'Occupied'),
(54, 54, 154, 180000.00, 'Booked'),
(55, 55, 155, 230000.00, 'Available'),
(56, 56, 156, 210000.00, 'Booked'),
(57, 57, 157, 220000.00, 'Occupied'),
(58, 58, 158, 240000.00, 'Booked'),
(59, 59, 159, 200000.00, 'Booked'),
(60, 60, 160, 250000.00, 'Occupied');


-- Insert Services
INSERT INTO services (service_name, service_price, booking_id)
VALUES
('Breakfast', 20000.00, 1),
('Airport Pickup', 50000.00, 2),
('Laundry', 15000.00, 3),
('Massages', 80000.00, 4),
('Dinner', 40000.00, 5),
('Room Cleaning', 10000.00, 6),
('WiFi Access', 5000.00, 7),
('Mini Bar', 30000.00, 8),
('Sauna', 60000.00, 9),
('Facials', 70000.00, 10),
('Breakfast', 20000.00, 11),
('Laundry', 15000.00, 12),
('Massages', 80000.00, 13),
('Dinner', 40000.00, 14),
('Room Cleaning', 10000.00, 15),
('WiFi Access', 5000.00, 16),
('Mini Bar', 30000.00, 17),
('Airport Pickup', 50000.00, 18),
('Gym Access', 25000.00, 19),
('Breakfast', 20000.00, 20),
('Laundry', 15000.00, 21),
('Facials', 70000.00, 22),
('Dinner', 40000.00, 23),
('Room Cleaning', 10000.00, 24),
('WiFi Access', 5000.00, 25),
('Mini Bar', 30000.00, 26),
('Airport Pickup', 50000.00, 27),
('Sauna', 60000.00, 28),
('Breakfast', 20000.00, 29),
('Laundry', 15000.00, 30),
('Massages', 80000.00, 31),
('Dinner', 40000.00, 32),
('Room Cleaning', 10000.00, 33),
('WiFi Access', 5000.00, 34),
('Mini Bar', 30000.00, 35),
('Airport Pickup', 50000.00, 36),
('Gym Access', 25000.00, 37),
('Breakfast', 20000.00, 38),
('Laundry', 15000.00, 39),
('Facials', 70000.00, 40),
('Dinner', 40000.00, 41),
('Room Cleaning', 10000.00, 42),
('WiFi Access', 5000.00, 43),
('Mini Bar', 30000.00, 44),
('Airport Pickup', 50000.00, 45),
('Sauna', 60000.00, 46),
('Breakfast', 20000.00, 47),
('Laundry', 15000.00, 48),
('Massages', 80000.00, 49),
('Dinner', 40000.00, 50),
('Room Cleaning', 10000.00, 51),
('WiFi Access', 5000.00, 52),
('Mini Bar', 30000.00, 53),
('Airport Pickup', 50000.00, 54),
('Facials', 70000.00, 55),
('Breakfast', 20000.00, 56),
('Laundry', 15000.00, 57),
('Sauna', 60000.00, 58),
('Dinner', 40000.00, 59),
('Room Cleaning', 10000.00, 60);