-- Insert Hotels
INSERT INTO hotel (hotel_name, location, Contact)
VALUES
('Serenity Grand Hotel', 'Kampala, Uganda', '+256701234567'),
('Lakeview Resort', 'Entebbe, Uganda', '+256772345678'),
('Mountain Peak Lodge', 'Kabale, Uganda', '+256783456789'),
('Savannah Suites', 'Mbarara, Uganda', '+256794567890'),
('Sunrise Inn', 'Jinja, Uganda', '+256705678901');

-- Insert Staff
INSERT INTO staff (hotel_id, first_name, last_name, contact, staff_role)
VALUES
(1, 'John', 'Mukasa', '+256701100001', 'Manager'),
(1, 'Grace', 'Namatovu', '+256701100002', 'Receptionist'),
(1, 'Peter', 'Okello', '+256701100003', 'Chef'),
(1, 'Sarah', 'Nabirye', '+256701100004', 'Housekeeper'),
(1, 'Michael', 'Turyasingura', '+256701100005', 'Waiter'),
(2, 'Agnes', 'Kansiime', '+256701100006', 'Accountant'),
(2, 'Robert', 'Ouma', '+256701100007', 'Security Guard'),
(2, 'Diana', 'Nakato', '+256701100008', 'Receptionist'),
(2, 'Samuel', 'Byaruhanga', '+256701100009', 'Chef'),
(2, 'Mary', 'Kembabazi', '+256701100010', 'Cleaner'),
(3, 'James', 'Ssembatya', '+256701100011', 'Manager'),
(3, 'Alice', 'Namubiru', '+256701100012', 'Receptionist'),
(3, 'Daniel', 'Lukwago', '+256701100013', 'Chef'),
(3, 'Rebecca', 'Nabukenya', '+256701100014', 'Housekeeper'),
(3, 'Brian', 'Kato', '+256701100015', 'Waiter'),
(4, 'Esther', 'Namanya', '+256701100016', 'Accountant'),
(4, 'Patrick', 'Muwanga', '+256701100017', 'Security Guard'),
(4, 'Joy', 'Namara', '+256701100018', 'Receptionist'),
(4, 'Emmanuel', 'Kyeyune', '+256701100019', 'Chef'),
(4, 'Catherine', 'Namuyimba', '+256701100020', 'Cleaner'),
(5, 'Samuel', 'Byabashaija', '+256701100021', 'Manager'),
(5, 'Priscilla', 'Namirembe', '+256701100022', 'Receptionist'),
(5, 'John', 'Kisakye', '+256701100023', 'Chef'),
(5, 'Linda', 'Nakalema', '+256701100024', 'Housekeeper'),
(5, 'George', 'Ssekitoleko', '+256701100025', 'Waiter');

-- Insert Guests
INSERT INTO guest (first_name, last_name, contact, gender)
VALUES
('James', 'Okello', '+256701234001', 'Male'),
('Maria', 'Namakula', '+256701234002', 'Female'),
('David', 'Ssenyonga', '+256701234003', 'Male'),
('Patricia', 'Kembabazi', '+256701234004', 'Female'),
('Robert', 'Kato', '+256701234005', 'Male'),
('Agnes', 'Nanyonga', '+256701234006', 'Female'),
('John', 'Mugisha', '+256701234007', 'Male'),
('Grace', 'Nakibuuka', '+256701234008', 'Female'),
('Michael', 'Owor', '+256701234009', 'Male'),
('Sarah', 'Nabirye', '+256701234010', 'Female'),
('Peter', 'Nsubuga', '+256701234011', 'Male'),
('Linda', 'Nakalema', '+256701234012', 'Female'),
('Daniel', 'Ssekitoleko', '+256701234013', 'Male'),
('Joy', 'Namara', '+256701234014', 'Female'),
('George', 'Kayiwa', '+256701234015', 'Male'),
('Rebecca', 'Nabukenya', '+256701234016', 'Female'),
('Brian', 'Kato', '+256701234017', 'Male'),
('Catherine', 'Namuyimba', '+256701234018', 'Female'),
('Samuel', 'Byaruhanga', '+256701234019', 'Male'),
('Priscilla', 'Namirembe', '+256701234020', 'Female'),
('Michael', 'Tumwesigye', '+256701234021', 'Male'),
('Alice', 'Namate', '+256701234022', 'Female'),
('Patrick', 'Kasaija', '+256701234023', 'Male'),
('Diana', 'Nakato', '+256701234024', 'Female'),
('Emmanuel', 'Kyeyune', '+256701234025', 'Male'),
('Esther', 'Nankya', '+256701234026', 'Female'),
('John', 'Mukasa', '+256701234027', 'Male'),
('Mary', 'Kembabazi', '+256701234028', 'Female'),
('Robert', 'Ouma', '+256701234029', 'Male'),
('Sarah', 'Namanya', '+256701234030', 'Female'),
('Peter', 'Nabazalila', '+256701234031', 'Male'),
('Grace', 'Namugera', '+256701234032', 'Female'),
('Brian', 'Ssebuufu', '+256701234033', 'Male'),
('Joy', 'Nabwire', '+256701234034', 'Female'),
('Daniel', 'Mukasa', '+256701234035', 'Male'),
('Alice', 'Nabukenya', '+256701234036', 'Female'),
('Samuel', 'Byamugisha', '+256701234037', 'Male'),
('Catherine', 'Namukasa', '+256701234038', 'Female'),
('Michael', 'Ssali', '+256701234039', 'Male'),
('Priscilla', 'Nabasumba', '+256701234040', 'Female'),
('George', 'Kakooza', '+256701234041', 'Male'),
('Linda', 'Nantongo', '+256701234042', 'Female'),
('Patrick', 'Kigozi', '+256701234043', 'Male'),
('Diana', 'Nakimera', '+256701234044', 'Female'),
('Emmanuel', 'Mugisha', '+256701234045', 'Male'),
('Rebecca', 'Nabirye', '+256701234046', 'Female'),
('John', 'Tumwesigye', '+256701234047', 'Male'),
('Sarah', 'Namulondo', '+256701234048', 'Female'),
('Brian', 'Ssekandi', '+256701234049', 'Male'),
('Joy', 'Nakanwagi', '+256701234050', 'Female'),
('Peter', 'Nsubira', '+256701234051', 'Male'),
('Grace', 'Namuddu', '+256701234052', 'Female'),
('Daniel', 'Mukwaya', '+256701234053', 'Male'),
('Alice', 'Namugera', '+256701234054', 'Female'),
('Samuel', 'Byabashaija', '+256701234055', 'Male'),
('Priscilla', 'Namirembe', '+256701234056', 'Female'),
('Michael', 'Nabawanuka', '+256701234057', 'Male'),
('Mary', 'Namuyimbwa', '+256701234058', 'Female'),
('Robert', 'Kakembo', '+256701234059', 'Male'),
('Sarah', 'Nabwire', '+256701234060', 'Female');

-- Insert Rooms
INSERT INTO room (hotel_id, room_type, room_status)
VALUES
(1, 'Single', 'Available'),
(1, 'Double', 'Occupied'),
(1, 'Executive', 'Booked'),
(1, 'Ordinary', 'Maintenance'),
(1, 'Single', 'Occupied'),
(1, 'Double', 'Available'),
(1, 'Executive', 'Booked'),
(1, 'Ordinary', 'Available'),
(1, 'Single', 'Available'),
(1, 'Double', 'Occupied'),
(1, 'Executive', 'Maintenance'),
(1, 'Ordinary', 'Booked'),
(2, 'Single', 'Occupied'),
(2, 'Double', 'Available'),
(2, 'Executive', 'Booked'),
(2, 'Ordinary', 'Maintenance'),
(2, 'Single', 'Available'),
(2, 'Double', 'Booked'),
(2, 'Executive', 'Occupied'),
(2, 'Ordinary', 'Available'),
(2, 'Single', 'Booked'),
(2, 'Double', 'Occupied'),
(2, 'Executive', 'Available'),
(2, 'Ordinary', 'Maintenance'),
(3, 'Single', 'Available'),
(3, 'Double', 'Booked'),
(3, 'Executive', 'Occupied'),
(3, 'Ordinary', 'Available'),
(3, 'Single', 'Booked'),
(3, 'Double', 'Occupied'),
(3, 'Executive', 'Available'),
(3, 'Ordinary', 'Maintenance'),
(3, 'Single', 'Available'),
(3, 'Double', 'Available'),
(3, 'Executive', 'Maintenance'),
(3, 'Ordinary', 'Booked'),
(4, 'Single', 'Booked'),
(4, 'Double', 'Occupied'),
(4, 'Executive', 'Available'),
(4, 'Ordinary', 'Maintenance'),
(4, 'Single', 'Available'),
(4, 'Double', 'Available'),
(4, 'Executive', 'Maintenance'),
(4, 'Ordinary', 'Booked'),
(4, 'Single', 'Occupied'),
(4, 'Double', 'Available'),
(4, 'Executive', 'Booked'),
(4, 'Ordinary', 'Maintenance'),
(5, 'Single', 'Available'),
(5, 'Double', 'Available'),
(5, 'Executive', 'Maintenance'),
(5, 'Ordinary', 'Booked'),
(5, 'Single', 'Occupied'),
(5, 'Double', 'Available'),
(5, 'Executive', 'Booked'),
(5, 'Ordinary', 'Maintenance'),
(5, 'Single', 'Available'),
(5, 'Double', 'Booked'),
(5, 'Executive', 'Occupied'),
(5, 'Ordinary', 'Available');

-- Insert Bookings
INSERT INTO booking (guest_id, room_id, check_in_date, check_out_date, booking_status)
VALUES
(1, 3, '2024-01-10', '2024-01-15', 'Confirmed'),
(2, 5, '2024-01-12', '2024-01-14', 'Pending'),
(3, 9, '2024-01-15', '2024-01-20', 'Confirmed'),
(4, 12, '2024-01-18', '2024-01-22', 'Cancelled'),
(5, 2, '2024-01-20', '2024-01-25', 'Confirmed'),
(6, 7, '2024-01-22', '2024-01-24', 'Pending'),
(7, 10, '2024-01-25', '2024-01-30', 'Confirmed'),
(8, 1, '2024-01-28', '2024-02-02', 'Confirmed'),
(9, 15, '2024-02-01', '2024-02-05', 'Pending'),
(10, 4, '2024-02-03', '2024-02-08', 'Confirmed'),
(11, 6, '2024-02-05', '2024-02-10', 'Cancelled'),
(12, 8, '2024-02-08', '2024-02-12', 'Confirmed'),
(13, 11, '2024-02-10', '2024-02-15', 'Pending'),
(14, 13, '2024-02-12', '2024-02-17', 'Confirmed'),
(15, 14, '2024-02-15', '2024-02-20', 'Cancelled'),
(16, 16, '2024-02-18', '2024-02-22', 'Confirmed'),
(17, 17, '2024-02-20', '2024-02-25', 'Pending'),
(18, 18, '2024-02-22', '2024-02-27', 'Confirmed'),
(19, 19, '2024-02-25', '2024-03-01', 'Cancelled'),
(20, 20, '2024-02-28', '2024-03-04', 'Confirmed'),
(21, 21, '2024-03-01', '2024-03-06', 'Pending'),
(22, 22, '2024-03-03', '2024-03-08', 'Confirmed'),
(23, 23, '2024-03-05', '2024-03-10', 'Cancelled'),
(24, 24, '2024-03-08', '2024-03-12', 'Confirmed'),
(25, 25, '2024-03-10', '2024-03-15', 'Pending'),
(26, 26, '2024-03-12', '2024-03-17', 'Confirmed'),
(27, 27, '2024-03-15', '2024-03-20', 'Cancelled'),
(28, 28, '2024-03-18', '2024-03-22', 'Confirmed'),
(29, 29, '2024-03-20', '2024-03-25', 'Pending'),
(30, 30, '2024-03-22', '2024-03-27', 'Confirmed'),
(31, 31, '2024-03-25', '2024-03-30', 'Cancelled'),
(32, 32, '2024-03-28', '2024-04-02', 'Confirmed'),
(33, 33, '2024-03-30', '2024-04-04', 'Pending'),
(34, 34, '2024-04-01', '2024-04-06', 'Confirmed'),
(35, 35, '2024-04-03', '2024-04-08', 'Cancelled'),
(36, 36, '2024-04-05', '2024-04-10', 'Confirmed'),
(37, 37, '2024-04-08', '2024-04-12', 'Pending'),
(38, 38, '2024-04-10', '2024-04-15', 'Confirmed'),
(39, 39, '2024-04-12', '2024-04-17', 'Cancelled'),
(40, 40, '2024-04-15', '2024-04-20', 'Confirmed'),
(41, 41, '2024-04-18', '2024-04-22', 'Pending'),
(42, 42, '2024-04-20', '2024-04-25', 'Confirmed'),
(43, 43, '2024-04-22', '2024-04-27', 'Cancelled'),
(44, 44, '2024-04-25', '2024-04-30', 'Confirmed'),
(45, 45, '2024-04-28', '2024-05-03', 'Pending'),
(46, 46, '2024-04-30', '2024-05-05', 'Confirmed'),
(47, 47, '2024-05-02', '2024-05-07', 'Cancelled'),
(48, 48, '2024-05-05', '2024-05-10', 'Confirmed'),
(49, 49, '2024-05-08', '2024-05-12', 'Pending'),
(50, 50, '2024-05-10', '2024-05-15', 'Confirmed'),
(51, 51, '2024-05-12', '2024-05-17', 'Cancelled'),
(52, 52, '2024-05-15', '2024-05-20', 'Confirmed'),
(53, 53, '2024-05-18', '2024-05-22', 'Pending'),
(54, 54, '2024-05-20', '2024-05-25', 'Confirmed'),
(55, 55, '2024-05-22', '2024-05-27', 'Cancelled'),
(56, 56, '2024-05-25', '2024-05-30', 'Confirmed'),
(57, 57, '2024-05-28', '2024-06-02', 'Pending'),
(58, 58, '2024-05-30', '2024-06-04', 'Confirmed'),
(59, 59, '2024-06-01', '2024-06-06', 'Cancelled'),
(60, 60, '2024-06-03', '2024-06-08', 'Confirmed');

-- Insert Payments
INSERT INTO payment (booking_id, payment_date, amount)
VALUES
(1, '2024-01-09', 200000.00),
(2, '2024-01-11', 150000.00),
(3, '2024-01-14', 250000.00),
(4, NULL, 0.00),
(5, '2024-01-19', 220000.00),
(6, NULL, 0.00),
(7, '2024-01-24', 300000.00),
(8, '2024-01-27', 210000.00),
(9, NULL, 0.00),
(10, '2024-02-02', 230000.00),
(11, NULL, 0.00),
(12, '2024-02-07', 260000.00),
(13, NULL, 0.00),
(14, '2024-02-11', 240000.00),
(15, NULL, 0.00),
(16, '2024-02-17', 250000.00),
(17, NULL, 0.00),
(18, '2024-02-21', 220000.00),
(19, NULL, 0.00),
(20, '2024-02-27', 230000.00),
(21, NULL, 0.00),
(22, '2024-03-02', 260000.00),
(23, NULL, 0.00),
(24, '2024-03-07', 200000.00),
(25, NULL, 0.00),
(26, '2024-03-11', 250000.00),
(27, NULL, 0.00),
(28, '2024-03-17', 210000.00),
(29, NULL, 0.00),
(30, '2024-03-21', 240000.00),
(31, NULL, 0.00),
(32, '2024-03-27', 250000.00),
(33, NULL, 0.00),
(34, '2024-03-31', 230000.00),
(35, NULL, 0.00),
(36, '2024-04-04', 220000.00),
(37, NULL, 0.00),
(38, '2024-04-09', 240000.00),
(39, NULL, 0.00),
(40, '2024-04-14', 200000.00),
(41, NULL, 0.00),
(42, '2024-04-19', 250000.00),
(43, NULL, 0.00),
(44, '2024-04-24', 180000.00),
(45, NULL, 0.00),
(46, '2024-04-29', 230000.00),
(47, NULL, 0.00),
(48, '2024-05-04', 210000.00),
(49, NULL, 0.00),
(50, '2024-05-09', 220000.00),
(51, NULL, 0.00),
(52, '2024-05-14', 240000.00),
(53, NULL, 0.00),
(54, '2024-05-19', 200000.00),
(55, NULL, 0.00),
(56, '2024-05-24', 250000.00),
(57, NULL, 0.00),
(58, '2024-05-29', 180000.00),
(59, NULL, 0.00),
(60, '2024-06-02', 230000.00);

-- Insert Invoices
INSERT INTO invoice (booking_id, guest_id, reservation_id, amount, room_status)
VALUES
(1, 1, 101, 200000.00, 'Booked'),
(2, 2, 102, 150000.00, 'Reserved'),
(3, 3, 103, 250000.00, 'Booked'),
(4, 4, 104, 0.00, 'Cancelled'),
(5, 5, 105, 220000.00, 'Booked'),
(6, 6, 106, 160000.00, 'Reserved'),
(7, 7, 107, 300000.00, 'Booked'),
(8, 8, 108, 210000.00, 'Booked'),
(9, 9, 109, 280000.00, 'Reserved'),
(10, 10, 110, 230000.00, 'Booked'),
(11, 11, 111, 0.00, 'Cancelled'),
(12, 12, 112, 260000.00, 'Booked'),
(13, 13, 113, 170000.00, 'Reserved'),
(14, 14, 114, 240000.00, 'Booked'),
(15, 15, 115, 0.00, 'Cancelled'),
(16, 16, 116, 250000.00, 'Booked'),
(17, 17, 117, 180000.00, 'Reserved'),
(18, 18, 118, 220000.00, 'Booked'),
(19, 19, 119, 0.00, 'Cancelled'),
(20, 20, 120, 230000.00, 'Booked'),
(21, 21, 121, 240000.00, 'Reserved'),
(22, 22, 122, 260000.00, 'Booked'),
(23, 23, 123, 0.00, 'Cancelled'),
(24, 24, 124, 200000.00, 'Booked'),
(25, 25, 125, 250000.00, 'Reserved'),
(26, 26, 126, 180000.00, 'Booked'),
(27, 27, 127, 0.00, 'Cancelled'),
(28, 28, 128, 210000.00, 'Booked'),
(29, 29, 129, 220000.00, 'Reserved'),
(30, 30, 130, 240000.00, 'Booked'),
(31, 31, 131, 0.00, 'Cancelled'),
(32, 32, 132, 250000.00, 'Booked'),
(33, 33, 133, 180000.00, 'Reserved'),
(34, 34, 134, 230000.00, 'Booked'),
(35, 35, 135, 0.00, 'Cancelled'),
(36, 36, 136, 220000.00, 'Booked'),
(37, 37, 137, 240000.00, 'Reserved'),
(38, 38, 138, 200000.00, 'Booked'),
(39, 39, 139, 0.00, 'Cancelled'),
(40, 40, 140, 250000.00, 'Booked'),
(41, 41, 141, 180000.00, 'Reserved'),
(42, 42, 142, 230000.00, 'Booked'),
(43, 43, 143, 0.00, 'Cancelled'),
(44, 44, 144, 210000.00, 'Booked'),
(45, 45, 145, 220000.00, 'Reserved'),
(46, 46, 146, 240000.00, 'Booked'),
(47, 47, 147, 0.00, 'Cancelled'),
(48, 48, 148, 200000.00, 'Booked'),
(49, 49, 149, 250000.00, 'Reserved'),
(50, 50, 150, 180000.00, 'Booked'),
(51, 51, 151, 0.00, 'Cancelled'),
(52, 52, 152, 230000.00, 'Booked'),
(53, 53, 153, 210000.00, 'Reserved'),
(54, 54, 154, 220000.00, 'Booked'),
(55, 55, 155, 0.00, 'Cancelled'),
(56, 56, 156, 240000.00, 'Booked'),
(57, 57, 157, 200000.00, 'Reserved'),
(58, 58, 158, 250000.00, 'Booked'),
(59, 59, 159, 0.00, 'Cancelled'),
(60, 60, 160, 180000.00, 'Booked');

-- Insert Services
INSERT INTO services (service_name, service_price, booking_id)
VALUES
('Breakfast', 20000.00, 1),
('Airport Pickup', 50000.00, 2),
('Laundry', 15000.00, 3),
('Massages', 80000.00, 4),
('Dinner', 40000.00, 5),
('Room Cleaning', 10000.00, 6),
('WiFi Access', 5000.00, 7),
('Mini Bar', 30000.00, 8),
('Sauna', 60000.00, 9),
('Facials', 70000.00, 10),
('Breakfast', 20000.00, 11),
('Laundry', 15000.00, 12),
('Massages', 80000.00, 13),
('Dinner', 40000.00, 14),
('Room Cleaning', 10000.00, 15),
('WiFi Access', 5000.00, 16),
('Mini Bar', 30000.00, 17),
('Airport Pickup', 50000.00, 18),
('Gym Access', 25000.00, 19),
('Breakfast', 20000.00, 20),
('Laundry', 15000.00, 21),
('Facials', 70000.00, 22),
('Dinner', 40000.00, 23),
('Room Cleaning', 10000.00, 24),
('WiFi Access', 5000.00, 25),
('Mini Bar', 30000.00, 26),
('Airport Pickup', 50000.00, 27),
('Sauna', 60000.00, 28),
('Breakfast', 20000.00, 29),
('Laundry', 15000.00, 30),
('Massages', 80000.00, 31),
('Dinner', 40000.00, 32),
('Room Cleaning', 10000.00, 33),
('WiFi Access', 5000.00, 34),
('Mini Bar', 30000.00, 35),
('Airport Pickup', 50000.00, 36),
('Gym Access', 25000.00, 37),
('Breakfast', 20000.00, 38),
('Laundry', 15000.00, 39),
('Facials', 70000.00, 40),
('Dinner', 40000.00, 41),
('Room Cleaning', 10000.00, 42),
('WiFi Access', 5000.00, 43),
('Mini Bar', 30000.00, 44),
('Airport Pickup', 50000.00, 45),
('Sauna', 60000.00, 46),
('Breakfast', 20000.00, 47),
('Laundry', 15000.00, 48),
('Massages', 80000.00, 49),
('Dinner', 40000.00, 50),
('Room Cleaning', 10000.00, 51),
('WiFi Access', 5000.00, 52),
('Mini Bar', 30000.00, 53),
('Airport Pickup', 50000.00, 54),
('Facials', 70000.00, 55),
('Breakfast', 20000.00, 56),
('Laundry', 15000.00, 57),
('Sauna', 60000.00, 58),
('Dinner', 40000.00, 59),
('Room Cleaning', 10000.00, 60);